Submission ID,Respondent ID,Submitted at,poster_id,posterlink,Please enter your full name,Department?,What did you like about poster ID: @poster_id  (Optional)
SampleData,SampleData,SampleData,20Q,SampleData,SampleData,SampleData,15R
SampleData,SampleData,SampleData,39C,SampleData,SampleData,SampleData,63C
SampleData,SampleData,SampleData,13R,SampleData,SampleData,SampleData,57R
SampleData,SampleData,SampleData,2R,SampleData,SampleData,SampleData,51Q
SampleData,SampleData,SampleData,17C,SampleData,SampleData,SampleData,39Q
SampleData,SampleData,SampleData,63C,SampleData,SampleData,SampleData,57R
SampleData,SampleData,SampleData,63C,SampleData,SampleData,SampleData,17C
SampleData,SampleData,SampleData,97R,SampleData,SampleData,SampleData,15R
SampleData,SampleData,SampleData,38Q,SampleData,SampleData,SampleData,39C
SampleData,SampleData,SampleData,63C,SampleData,SampleData,SampleData,87Q
SampleData,SampleData,SampleData,97R,SampleData,SampleData,SampleData,51Q
SampleData,SampleData,SampleData,57R,SampleData,SampleData,SampleData,2R
SampleData,SampleData,SampleData,2R,SampleData,SampleData,SampleData,97R
SampleData,SampleData,SampleData,39C,SampleData,SampleData,SampleData,20Q
SampleData,SampleData,SampleData,44Q,SampleData,SampleData,SampleData,24C
SampleData,SampleData,SampleData,39Q,SampleData,SampleData,SampleData,24C
SampleData,SampleData,SampleData,38C,SampleData,SampleData,SampleData,87Q
SampleData,SampleData,SampleData,39Q,SampleData,SampleData,SampleData,10Q
SampleData,SampleData,SampleData,20Q,SampleData,SampleData,SampleData,38C
SampleData,SampleData,SampleData,15R,SampleData,SampleData,SampleData,71R
SampleData,SampleData,SampleData,38C,SampleData,SampleData,SampleData,93C
SampleData,SampleData,SampleData,38C,SampleData,SampleData,SampleData,15R
SampleData,SampleData,SampleData,11C,SampleData,SampleData,SampleData,57R
SampleData,SampleData,SampleData,38Q,SampleData,SampleData,SampleData,76C
SampleData,SampleData,SampleData,39C,SampleData,SampleData,SampleData,87Q
SampleData,SampleData,SampleData,15R,SampleData,SampleData,SampleData,20Q
SampleData,SampleData,SampleData,38Q,SampleData,SampleData,SampleData,11C
SampleData,SampleData,SampleData,71R,SampleData,SampleData,SampleData,24C
SampleData,SampleData,SampleData,76C,SampleData,SampleData,SampleData,76C
SampleData,SampleData,SampleData,13R,SampleData,SampleData,SampleData,10Q
SampleData,SampleData,SampleData,57R,SampleData,SampleData,SampleData,13R
SampleData,SampleData,SampleData,39C,SampleData,SampleData,SampleData,57R
SampleData,SampleData,SampleData,15C,SampleData,SampleData,SampleData,15R
SampleData,SampleData,SampleData,10Q,SampleData,SampleData,SampleData,13R
SampleData,SampleData,SampleData,57R,SampleData,SampleData,SampleData,15R
SampleData,SampleData,SampleData,13R,SampleData,SampleData,SampleData,87Q
SampleData,SampleData,SampleData,2R,SampleData,SampleData,SampleData,1C
SampleData,SampleData,SampleData,24C,SampleData,SampleData,SampleData,44Q
SampleData,SampleData,SampleData,20Q,SampleData,SampleData,SampleData,57R
SampleData,SampleData,SampleData,38Q,SampleData,SampleData,SampleData,17C
SampleData,SampleData,SampleData,37C,SampleData,SampleData,SampleData,11C
SampleData,SampleData,SampleData,10Q,SampleData,SampleData,SampleData,15C
SampleData,SampleData,SampleData,11C,SampleData,SampleData,SampleData,71R
SampleData,SampleData,SampleData,2R,SampleData,SampleData,SampleData,38Q
SampleData,SampleData,SampleData,38Q,SampleData,SampleData,SampleData,13R
SampleData,SampleData,SampleData,17C,SampleData,SampleData,SampleData,44Q
SampleData,SampleData,SampleData,44Q,SampleData,SampleData,SampleData,62Q
SampleData,SampleData,SampleData,38C,SampleData,SampleData,SampleData,24C
SampleData,SampleData,SampleData,15C,SampleData,SampleData,SampleData,17C
SampleData,SampleData,SampleData,87Q,SampleData,SampleData,SampleData,37C
SampleData,SampleData,SampleData,93C,SampleData,SampleData,SampleData,20Q
SampleData,SampleData,SampleData,97R,SampleData,SampleData,SampleData,71R
SampleData,SampleData,SampleData,97R,SampleData,SampleData,SampleData,44Q
SampleData,SampleData,SampleData,15C,SampleData,SampleData,SampleData,2R
SampleData,SampleData,SampleData,17C,SampleData,SampleData,SampleData,38C
SampleData,SampleData,SampleData,63C,SampleData,SampleData,SampleData,87Q
SampleData,SampleData,SampleData,24C,SampleData,SampleData,SampleData,93C
SampleData,SampleData,SampleData,62Q,SampleData,SampleData,SampleData,57R
SampleData,SampleData,SampleData,87Q,SampleData,SampleData,SampleData,63C
SampleData,SampleData,SampleData,38Q,SampleData,SampleData,SampleData,15R
SampleData,SampleData,SampleData,97R,SampleData,SampleData,SampleData,10Q
SampleData,SampleData,SampleData,87Q,SampleData,SampleData,SampleData,57R
SampleData,SampleData,SampleData,13R,SampleData,SampleData,SampleData,63C
SampleData,SampleData,SampleData,13R,SampleData,SampleData,SampleData,20Q
SampleData,SampleData,SampleData,20Q,SampleData,SampleData,SampleData,20Q
SampleData,SampleData,SampleData,57R,SampleData,SampleData,SampleData,97R
SampleData,SampleData,SampleData,57R,SampleData,SampleData,SampleData,97R
SampleData,SampleData,SampleData,15R,SampleData,SampleData,SampleData,62Q
SampleData,SampleData,SampleData,76C,SampleData,SampleData,SampleData,1C
SampleData,SampleData,SampleData,62Q,SampleData,SampleData,SampleData,44Q
SampleData,SampleData,SampleData,39C,SampleData,SampleData,SampleData,38Q
SampleData,SampleData,SampleData,15R,SampleData,SampleData,SampleData,62Q
SampleData,SampleData,SampleData,97R,SampleData,SampleData,SampleData,76C
SampleData,SampleData,SampleData,57R,SampleData,SampleData,SampleData,51Q
SampleData,SampleData,SampleData,38C,SampleData,SampleData,SampleData,44Q
SampleData,SampleData,SampleData,15R,SampleData,SampleData,SampleData,57R
SampleData,SampleData,SampleData,13R,SampleData,SampleData,SampleData,17C
SampleData,SampleData,SampleData,63C,SampleData,SampleData,SampleData,20Q
SampleData,SampleData,SampleData,10Q,SampleData,SampleData,SampleData,37C
SampleData,SampleData,SampleData,39C,SampleData,SampleData,SampleData,37C
SampleData,SampleData,SampleData,71R,SampleData,SampleData,SampleData,44Q
SampleData,SampleData,SampleData,76C,SampleData,SampleData,SampleData,20Q
SampleData,SampleData,SampleData,76C,SampleData,SampleData,SampleData,63C
SampleData,SampleData,SampleData,10Q,SampleData,SampleData,SampleData,62Q
SampleData,SampleData,SampleData,57R,SampleData,SampleData,SampleData,44Q
SampleData,SampleData,SampleData,62Q,SampleData,SampleData,SampleData,71R
SampleData,SampleData,SampleData,62Q,SampleData,SampleData,SampleData,97R
SampleData,SampleData,SampleData,15C,SampleData,SampleData,SampleData,71R
SampleData,SampleData,SampleData,15C,SampleData,SampleData,SampleData,87Q
SampleData,SampleData,SampleData,24C,SampleData,SampleData,SampleData,37C
SampleData,SampleData,SampleData,87Q,SampleData,SampleData,SampleData,39C
SampleData,SampleData,SampleData,15R,SampleData,SampleData,SampleData,38C
SampleData,SampleData,SampleData,39C,SampleData,SampleData,SampleData,63C
SampleData,SampleData,SampleData,15R,SampleData,SampleData,SampleData,57R
SampleData,SampleData,SampleData,15R,SampleData,SampleData,SampleData,63C
SampleData,SampleData,SampleData,1C,SampleData,SampleData,SampleData,57R
SampleData,SampleData,SampleData,15R,SampleData,SampleData,SampleData,71R
SampleData,SampleData,SampleData,62Q,SampleData,SampleData,SampleData,62Q
SampleData,SampleData,SampleData,44Q,SampleData,SampleData,SampleData,71R
SampleData,SampleData,SampleData,13R,SampleData,SampleData,SampleData,38Q
SampleData,SampleData,SampleData,57R,SampleData,SampleData,SampleData,38C
SampleData,SampleData,SampleData,10Q,SampleData,SampleData,SampleData,62Q
SampleData,SampleData,SampleData,17C,SampleData,SampleData,SampleData,11C
SampleData,SampleData,SampleData,13R,SampleData,SampleData,SampleData,17C
SampleData,SampleData,SampleData,62Q,SampleData,SampleData,SampleData,51Q
SampleData,SampleData,SampleData,15R,SampleData,SampleData,SampleData,87Q
SampleData,SampleData,SampleData,71R,SampleData,SampleData,SampleData,37C
SampleData,SampleData,SampleData,15C,SampleData,SampleData,SampleData,15R
SampleData,SampleData,SampleData,63C,SampleData,SampleData,SampleData,44Q
SampleData,SampleData,SampleData,76C,SampleData,SampleData,SampleData,39Q
SampleData,SampleData,SampleData,20Q,SampleData,SampleData,SampleData,57R
SampleData,SampleData,SampleData,15R,SampleData,SampleData,SampleData,93C
SampleData,SampleData,SampleData,87Q,SampleData,SampleData,SampleData,38Q
SampleData,SampleData,SampleData,13R,SampleData,SampleData,SampleData,57R
SampleData,SampleData,SampleData,76C,SampleData,SampleData,SampleData,62Q
SampleData,SampleData,SampleData,38C,SampleData,SampleData,SampleData,63C
SampleData,SampleData,SampleData,38C,SampleData,SampleData,SampleData,57R
SampleData,SampleData,SampleData,97R,SampleData,SampleData,SampleData,39Q
SampleData,SampleData,SampleData,87Q,SampleData,SampleData,SampleData,2R
SampleData,SampleData,SampleData,15R,SampleData,SampleData,SampleData,62Q
SampleData,SampleData,SampleData,15R,SampleData,SampleData,SampleData,87Q
SampleData,SampleData,SampleData,39C,SampleData,SampleData,SampleData,13R
SampleData,SampleData,SampleData,38Q,SampleData,SampleData,SampleData,17C
SampleData,SampleData,SampleData,57R,SampleData,SampleData,SampleData,24C
SampleData,SampleData,SampleData,24C,SampleData,SampleData,SampleData,15C
SampleData,SampleData,SampleData,57R,SampleData,SampleData,SampleData,20Q
SampleData,SampleData,SampleData,97R,SampleData,SampleData,SampleData,10Q
SampleData,SampleData,SampleData,38Q,SampleData,SampleData,SampleData,57R
SampleData,SampleData,SampleData,20Q,SampleData,SampleData,SampleData,57R
SampleData,SampleData,SampleData,62Q,SampleData,SampleData,SampleData,38Q
SampleData,SampleData,SampleData,37C,SampleData,SampleData,SampleData,87Q
SampleData,SampleData,SampleData,63C,SampleData,SampleData,SampleData,44Q
SampleData,SampleData,SampleData,51Q,SampleData,SampleData,SampleData,10Q
SampleData,SampleData,SampleData,13R,SampleData,SampleData,SampleData,97R
SampleData,SampleData,SampleData,39C,SampleData,SampleData,SampleData,15R
SampleData,SampleData,SampleData,38Q,SampleData,SampleData,SampleData,93C
SampleData,SampleData,SampleData,87Q,SampleData,SampleData,SampleData,2R
SampleData,SampleData,SampleData,13R,SampleData,SampleData,SampleData,38Q
SampleData,SampleData,SampleData,20Q,SampleData,SampleData,SampleData,62Q
SampleData,SampleData,SampleData,38C,SampleData,SampleData,SampleData,15C
SampleData,SampleData,SampleData,11C,SampleData,SampleData,SampleData,39C
SampleData,SampleData,SampleData,24C,SampleData,SampleData,SampleData,57R
SampleData,SampleData,SampleData,39C,SampleData,SampleData,SampleData,38C
SampleData,SampleData,SampleData,13R,SampleData,SampleData,SampleData,71R
SampleData,SampleData,SampleData,15R,SampleData,SampleData,SampleData,62Q
SampleData,SampleData,SampleData,15C,SampleData,SampleData,SampleData,11C
SampleData,SampleData,SampleData,17C,SampleData,SampleData,SampleData,15R
SampleData,SampleData,SampleData,57R,SampleData,SampleData,SampleData,39Q
SampleData,SampleData,SampleData,11C,SampleData,SampleData,SampleData,11C
SampleData,SampleData,SampleData,20Q,SampleData,SampleData,SampleData,15R
SampleData,SampleData,SampleData,13R,SampleData,SampleData,SampleData,97R
SampleData,SampleData,SampleData,15R,SampleData,SampleData,SampleData,15R
SampleData,SampleData,SampleData,76C,SampleData,SampleData,SampleData,11C
SampleData,SampleData,SampleData,71R,SampleData,SampleData,SampleData,1C
SampleData,SampleData,SampleData,63C,SampleData,SampleData,SampleData,57R
SampleData,SampleData,SampleData,93C,SampleData,SampleData,SampleData,38C
SampleData,SampleData,SampleData,87Q,SampleData,SampleData,SampleData,87Q
SampleData,SampleData,SampleData,39Q,SampleData,SampleData,SampleData,2R
SampleData,SampleData,SampleData,15C,SampleData,SampleData,SampleData,76C
SampleData,SampleData,SampleData,39C,SampleData,SampleData,SampleData,20Q
SampleData,SampleData,SampleData,11C,SampleData,SampleData,SampleData,13R
SampleData,SampleData,SampleData,2R,SampleData,SampleData,SampleData,11C
SampleData,SampleData,SampleData,15C,SampleData,SampleData,SampleData,51Q
SampleData,SampleData,SampleData,44Q,SampleData,SampleData,SampleData,24C
SampleData,SampleData,SampleData,51Q,SampleData,SampleData,SampleData,44Q
SampleData,SampleData,SampleData,10Q,SampleData,SampleData,SampleData,39C
SampleData,SampleData,SampleData,97R,SampleData,SampleData,SampleData,20Q
SampleData,SampleData,SampleData,1C,SampleData,SampleData,SampleData,57R
SampleData,SampleData,SampleData,11C,SampleData,SampleData,SampleData,39C
SampleData,SampleData,SampleData,51Q,SampleData,SampleData,SampleData,57R
SampleData,SampleData,SampleData,57R,SampleData,SampleData,SampleData,11C
SampleData,SampleData,SampleData,15R,SampleData,SampleData,SampleData,97R
SampleData,SampleData,SampleData,63C,SampleData,SampleData,SampleData,1C
SampleData,SampleData,SampleData,24C,SampleData,SampleData,SampleData,10Q
SampleData,SampleData,SampleData,15R,SampleData,SampleData,SampleData,93C
SampleData,SampleData,SampleData,38Q,SampleData,SampleData,SampleData,15R
SampleData,SampleData,SampleData,38C,SampleData,SampleData,SampleData,2R
SampleData,SampleData,SampleData,2R,SampleData,SampleData,SampleData,38C
SampleData,SampleData,SampleData,57R,SampleData,SampleData,SampleData,57R
SampleData,SampleData,SampleData,76C,SampleData,SampleData,SampleData,10Q
SampleData,SampleData,SampleData,17C,SampleData,SampleData,SampleData,11C
SampleData,SampleData,SampleData,57R,SampleData,SampleData,SampleData,57R
SampleData,SampleData,SampleData,63C,SampleData,SampleData,SampleData,87Q
SampleData,SampleData,SampleData,76C,SampleData,SampleData,SampleData,39Q
SampleData,SampleData,SampleData,37C,SampleData,SampleData,SampleData,97R
SampleData,SampleData,SampleData,15R,SampleData,SampleData,SampleData,38Q
SampleData,SampleData,SampleData,93C,SampleData,SampleData,SampleData,51Q
SampleData,SampleData,SampleData,57R,SampleData,SampleData,SampleData,13R
SampleData,SampleData,SampleData,57R,SampleData,SampleData,SampleData,63C
SampleData,SampleData,SampleData,57R,SampleData,SampleData,SampleData,2R
SampleData,SampleData,SampleData,51Q,SampleData,SampleData,SampleData,97R
SampleData,SampleData,SampleData,39C,SampleData,SampleData,SampleData,11C
SampleData,SampleData,SampleData,63C,SampleData,SampleData,SampleData,39C
SampleData,SampleData,SampleData,20Q,SampleData,SampleData,SampleData,97R
SampleData,SampleData,SampleData,38Q,SampleData,SampleData,SampleData,93C
SampleData,SampleData,SampleData,11C,SampleData,SampleData,SampleData,44Q
SampleData,SampleData,SampleData,63C,SampleData,SampleData,SampleData,57R
SampleData,SampleData,SampleData,44Q,SampleData,SampleData,SampleData,57R
SampleData,SampleData,SampleData,13R,SampleData,SampleData,SampleData,38C
SampleData,SampleData,SampleData,87Q,SampleData,SampleData,SampleData,15R
