Submission ID,Respondent ID,Submitted at,poster_id,posterlink,Please enter your full name,Department?
16ctzLv2,1478Gs13,4/7/2010,4Q,/amet.png,Flossi Coal,Internal
u6NAtx4O,8oFy0Pku,10/8/2007,0Q,/quisque/arcu/libero/rutrum/ac.jpg,Evanne Paoloni,Internal
g1d5wE3T,6EpLOIUo,6/25/2004,2Q,/vestibulum/ante/ipsum/primis/in.jpg,Rufus Chattelaine,Transitional
mm12cbcW,49nEItp7,11/13/2005,6Q,/odio/justo/sollicitudin.json,Susannah Kynson,Family
d3V6A2SC,1ip09XC8,11/2/2003,4R,/donec/semper/sapien/a/libero/nam/dui.xml,Coop Derrett,Internal
0e32bi02,DyCDb842,12/18/2005,2R,/metus/vitae/ipsum/aliquam/non/mauris.png,Ketty Smeaton,Family
mOtXaO1B,id1ZP4By,1/9/2011,2R,/eu/massa/donec/dapibus/duis/at.jpg,Adele Proschke,Internal
3p996eGq,9C7a1vE4,5/22/2017,4Q,/diam/in/magna/bibendum.jpg,Duke Spring,Emergency
C08uIL9h,PR5Pjlv0,10/17/2014,8Q,/sapien/iaculis/congue/vivamus.js,Virginie Clemetts,Internal
7R20OIk3,fzH5IqBL,7/14/2005,3R,/ultrices/aliquet/maecenas/leo.png,Josiah Seers,Internal
1hsD353W,5j9mo0GT,10/24/2014,2R,/vulputate/nonummy.html,Isahella Trigwell,Internal
1CpNauX6,OgLv7L8a,8/22/2016,0C,/lacus/morbi.png,Shae Fettiplace,Internal
xyRKJX2t,R5JgOpqg,1/18/2008,7C,/adipiscing/elit.json,Cherianne Ecclesall,Emergency
UrsFz847,AgkIjK1I,6/25/2009,7Q,/ut/nulla/sed/accumsan/felis/ut.png,Eleanora Chilvers,Family
VG69K136,8ON6L1W7,3/3/2002,9Q,/sem/fusce/consequat.aspx,Muffin Muckersie,Internal
hL97GbF4,xX0f75i4,7/4/2008,2Q,/ut/massa/quis/augue/luctus/tincidunt.js,Granville Folker,Other
8Bh9CdW3,aSvZv6kA,7/6/2019,4Q,/platea/dictumst/etiam/faucibus/cursus/urna/ut.jsp,Phil Ridewood,Emergency
0TiS2285,g9EIlzC7,9/12/2013,5R,/massa/donec/dapibus/duis/at.aspx,Louisa Mosley,Family
6lz0sacb,so8rUMwV,7/8/2003,4Q,/tempus/semper/est/quam/pharetra/magna.js,Blanche Paget,Other
5VBcc387,21GAw5Wl,6/15/2010,5C,/porta/volutpat/quam/pede/lobortis/ligula.json,Carena Edmondson,Emergency
0h2c13hX,QRFrju4G,11/16/2006,2R,/odio/donec/vitae/nisi/nam/ultrices.html,Juline Wibrow,Transitional
121VEY4e,BeBC7dHP,6/7/2003,4C,/sagittis/dui/vel/nisl/duis.js,Nanny Coumbe,Other
y8bxg1N1,991QO3Mj,12/17/2002,4R,/quam.png,Basil Flement,Emergency
P44t61vj,382o02uB,5/6/2011,0Q,/pellentesque.png,Susana Syrad,Family
xAB3Fct4,80sk67sF,6/20/2016,2R,/pretium/iaculis/justo/in/hac/habitasse.png,Auberta Critchley,Transitional
42bNffcj,8xuze1aY,2/9/2003,1Q,/faucibus/cursus/urna/ut/tellus.jpg,Shandra Petzold,Emergency
oAC9b6Wr,jIqKURb7,4/29/2003,3Q,/mauris/laoreet/ut/rhoncus/aliquet/pulvinar/sed.jsp,Georas Flello,Family
IFK8D1s4,03Px5k9H,5/8/2004,4C,/morbi/quis/tortor.html,Gaye Atley,Other
KJdF5gi2,433yOhlH,11/12/2016,3Q,/vitae/ipsum/aliquam/non/mauris/morbi.jpg,Lilla Dews,Other
mfK5Es0I,zCGkVhxp,11/27/2010,2Q,/enim/leo/rhoncus/sed.jpg,Cory Bolt,Emergency
k7a80KMP,JTTWJ3sA,4/3/2002,2Q,/fusce/consequat/nulla.json,Chloe Beiderbecke,Other
tKn72rUI,9L02IQRd,8/26/2010,3Q,/dis/parturient.xml,Hurlee Wallwood,Emergency
go36oC73,3yq4aeml,12/18/2015,2C,/pellentesque/viverra.png,Linell Kynd,Other
eROm4oyW,psPgd3VT,9/6/2014,3Q,/dui/vel/nisl/duis.xml,Celestine Fontelles,Family
renr3048,ul1LY89k,6/3/2016,9C,/nisl/venenatis/lacinia.jpg,Nicolea Goncalo,Family
cEaREr6X,WPR56Q9B,2/11/2001,5R,/ligula/nec.json,Charmane Antonoczyk,Emergency
Wi6GH1Sf,EG0cnf5L,5/2/2012,3Q,/eget/massa/tempor/convallis/nulla/neque.html,Angus Sparkes,Transitional
x44M9D6A,FUDw5U96,5/17/2001,0R,/semper/est.png,Abelard Crossgrove,Transitional
znH2xx30,564gXswt,1/21/2002,7Q,/primis/in.html,Bryn Cinavas,Emergency
vLhq69wf,1aBa1atf,3/26/2009,3C,/gravida/sem/praesent.png,Ofilia Authers,Other
e51k2V34,Du9ihRCx,12/31/2018,4C,/lobortis/ligula.jpg,Bari Tuison,Other
01Vx801Y,aE5nEw2w,10/5/2009,7C,/posuere/cubilia/curae/nulla/dapibus/dolor/vel.html,Marylin Semple,Other
epI91N5a,JQdCu6PL,1/17/2012,7Q,/libero/convallis/eget/eleifend.aspx,Saxon Sabbin,Other
gsni2TJR,pgMM95F9,3/28/2010,0Q,/massa/donec/dapibus/duis.jpg,Rouvin Exall,Emergency
wbZMnoif,8m86ArB1,8/15/2011,7Q,/posuere/cubilia/curae/mauris/viverra.html,Monty Sellens,Emergency
5QadC8PR,cb8B7D1Y,7/6/2003,1C,/aliquet/ultrices/erat/tortor.jpg,Noble Bampforth,Transitional
o6oxMN2M,5hPyRNlV,2/7/2008,7Q,/mauris/sit/amet/eros/suspendisse.xml,Chaddie Dudden,Other
1K3yO8Eb,20QD4I37,10/23/2002,4R,/turpis/eget/elit/sodales/scelerisque.jpg,Star Wasiel,Family
o7Gq63T8,Wm7E0xDf,8/25/2006,4Q,/magna/bibendum/imperdiet/nullam.aspx,Ariella Pala,Transitional
QB867e21,FsHat01k,5/2/2016,8R,/consequat/morbi/a/ipsum/integer/a/nibh.png,Marysa Joire,Other
Vjn2oUVP,iUi8hIi2,11/29/2014,3R,/enim.aspx,Elvyn Sneddon,Emergency
I05Yso4O,l2USIh4d,12/17/2014,4C,/suscipit.js,Doralynne Sandercock,Family
fO73z51J,APDY6v65,8/6/2013,6C,/sit/amet/consectetuer/adipiscing/elit/proin.html,Esme Aldwick,Emergency
3MPkKWB9,0qB0x47n,7/8/2008,8C,/elit/ac/nulla/sed/vel/enim/sit.xml,Luelle Paish,Transitional
K03sRq92,i8Lg5sA9,1/19/2018,5C,/accumsan/odio/curabitur/convallis.json,Francesca Guarnier,Transitional
Jtig1K9z,BoWCfM7d,8/15/2017,3Q,/adipiscing/elit/proin.jpg,Adda Fury,Emergency
kMxBK09i,W811AdR0,7/7/2009,7R,/pede/lobortis/ligula/sit/amet.jpg,Ardelle Freshwater,Transitional
ZS5OJ0A7,ef4BYYMd,6/15/2003,8R,/augue/luctus/tincidunt.js,Jacintha Harber,Internal
C1C99OLJ,dbmWFcC1,10/16/2003,0C,/ac/neque/duis/bibendum/morbi/non/quam.png,Chucho Been,Other
vpFICMuG,U98z1h53,11/17/2014,2R,/vitae/mattis.aspx,Ilise Hanfrey,Other
Xb26ti27,v9AJYc12,8/20/2002,9Q,/interdum/in/ante/vestibulum.aspx,Celesta Reuther,Internal
5Xr3eYpV,hF3QmB2l,8/14/2012,4C,/rutrum/at/lorem/integer/tincidunt/ante/vel.json,Renate Curnock,Family
1a03x937,BeuTEMb3,2/11/2011,2R,/ut/rhoncus/aliquet.png,Florette Groger,Transitional
Hb4l8QM5,lv67G0J9,11/11/2011,9C,/urna/ut/tellus.xml,Sybila Kenney,Emergency
uM41Td2d,3BfMQNs8,9/8/2004,0C,/et/eros/vestibulum/ac.js,Wilburt Le land,Other
beZb4tB9,sWM734H0,11/2/2007,6C,/etiam/justo/etiam/pretium.js,Kimmy Leser,Transitional
ml1mpKQ4,Wzkb9201,8/23/2009,5C,/turpis/eget/elit/sodales/scelerisque/mauris/sit.js,Windham Leeburn,Internal
82klmUSh,211uaklB,6/18/2007,5C,/id.png,Fey MacConnechie,Family
j2Ju69yA,pBJ79wn9,10/22/2015,9R,/vestibulum/vestibulum.aspx,Windham Bartels,Emergency
LswC19fr,UMoP32Uy,1/29/2008,9Q,/mi/in/porttitor/pede/justo/eu/massa.aspx,Hedy Freeberne,Transitional
V9QNP144,Cv3sYm9Y,10/22/2001,9R,/proin/eu.json,Josephina Brandenburg,Internal
LH6vZj3r,Gb7omVoI,3/12/2015,4R,/ipsum/praesent.aspx,Nataline Dwelling,Family
4i3JD4Ro,wQN18g03,2/7/2013,1R,/sed/accumsan.aspx,Leonhard Boulger,Other
qozlPqSa,4A09twQ8,9/20/2014,8Q,/elementum/ligula/vehicula/consequat.html,Berget Allanson,Family
UEPfRi0W,4513848r,8/20/2004,0R,/pede/malesuada/in/imperdiet/et/commodo/vulputate.aspx,Curcio Haughey,Internal
pZQ33i2i,74z44Kkk,4/2/2002,8R,/sollicitudin/ut/suscipit.js,Orville Crasford,Other
JwVASa5F,17Z5P8Lx,10/16/2004,6C,/turpis/sed/ante.xml,Derby Boxall,Internal
T14G4i3W,ie5q5gEj,6/23/2018,9R,/sagittis/nam/congue/risus/semper/porta/volutpat.jpg,Julius Fishe,Other
Cx72sOpO,7D04yT01,4/1/2003,3Q,/quis/tortor/id.xml,Charil Brame,Internal
1LYjht9F,0M3NtIW7,7/7/2001,7C,/ut/tellus/nulla/ut/erat.jsp,Nil Burgum,Internal
JjQ118pG,2h3cvvE5,4/16/2006,2R,/nisi/venenatis/tristique/fusce.js,Gaspar Stallworthy,Family
78dctj6Y,3S3ph77z,12/29/2016,4C,/ac/consequat/metus.jpg,Lisette Slipper,Other
r42iG9mo,B2r0A9QU,2/25/2013,4C,/justo/morbi/ut.jsp,Carola Dillingstone,Other
0B9rjp16,w1LsXI56,4/18/2013,5R,/hendrerit/at/vulputate/vitae/nisl/aenean.png,Jody Hardie,Transitional
8601J7d9,RP6A4xx4,12/4/2013,7R,/nulla/elit/ac/nulla/sed.jpg,Karim Abrahamsohn,Transitional
ddEH2Xn3,be9aI8DU,5/11/2008,2C,/vivamus.html,Lizbeth Roarty,Transitional
2pX1LwmW,4Cg676d0,12/13/2009,5C,/curae/mauris.jpg,Dione Najafian,Emergency
P3dn6Kkg,t25r0gp5,9/1/2006,2R,/a/nibh.jsp,Baxie McIlraith,Other
UkRM160N,YNeddFmx,6/29/2003,2C,/vestibulum.js,Onfre Maddaford,Internal
EYD34PaH,5u0In1ea,5/30/2013,9Q,/dictumst/maecenas/ut/massa.js,Almire Plaistowe,Emergency
8foN8fZB,bIL0528T,8/13/2006,7C,/eros/vestibulum.xml,Willi Schruyer,Family
1aGE0z9I,4F5c72gB,3/12/2010,2Q,/ut/mauris.xml,Vinnie Fido,Emergency
e79820Kd,aG3i8qQC,1/16/2016,2Q,/in.aspx,Byrom Grinstead,Internal
oW2GD734,v6qjolX1,10/4/2015,5R,/sed/accumsan.png,Reinwald Timeby,Other
7YaBvNCr,he8IjzJ6,9/5/2004,5Q,/nibh/in/hac/habitasse/platea.xml,Zahara Hyatt,Other
UMJqt3M4,1AlYP4qo,9/19/2002,4Q,/maecenas/ut/massa/quis.html,Luciana Crookes,Emergency
ckv28485,1jtyW0fF,6/26/2002,9Q,/platea/dictumst/etiam.xml,Brose Kulas,Emergency
8f7g8FBk,J07R8f3U,11/14/2018,3R,/tincidunt/nulla/mollis/molestie/lorem/quisque.aspx,Krisha Pasmore,Other
XEHrR419,8f85qXx5,10/8/2014,4C,/nullam/varius.xml,Edna Flatt,Internal
wHnEx3Dy,VV6Y3F6U,3/5/2013,1C,/luctus.html,Thebault Brome,Transitional
